<?xml version="1.0" encoding="utf-8"?>
<openerp>

    <!--  Dodavatel, PC, PM, Manager -->
    <data noupdate="0">

        <record model="ir.module.category" id="module_category_vystavba">
            <field name="name">Výstavba</field>
            <field name="description">Vystavbovy cennik</field>
            <field name="sequence">20</field>
        </record>

        <record id="group_vystavba_supplier" model="res.groups">
            <field name="name">Dodaveteľ</field>
            <field name="implied_ids" eval="[(4, ref('base.group_user'))]"/>
            <field name="category_id" ref="vystavba.module_category_vystavba"/>
        </record>

        <record id="group_vystavba_pc" model="res.groups">
            <field name="name">Projekt koordinátor (PC)</field>
            <field name="implied_ids" eval="[(4, ref('vystavba.group_vystavba_supplier'))]"/>
            <field name="category_id" ref="vystavba.module_category_vystavba"/>
        </record>

        <record id="group_vystavba_pm" model="res.groups">
            <field name="name">Projekt manager (PM)</field>
            <field name="implied_ids" eval="[(4, ref('vystavba.group_vystavba_pc'))]"/>
            <field name="category_id" ref="vystavba.module_category_vystavba"/>
        </record>

        <record id="group_vystavba_manager" model="res.groups">
            <field name="name">Manager</field>
            <field name="implied_ids" eval="[(4, ref('vystavba.group_vystavba_pm'))]"/>
            <field name="category_id" ref="vystavba.module_category_vystavba"/>
        </record>

    </data>

</openerp>